message;severity;node;stamp;location
"Oh no! I hit the wall! (Clamping from [x=11.120889, y=5.342279])";"30";"turtlesim3.turtle3";"1759999557.223864098";"/home/latup/ros2_ws/src/ros_tutorials/turtlesim/src/turtle.cpp:update:288"
"Oh no! I hit the wall! (Clamping from [x=11.120889, y=5.342279])";"30";"turtlesim3.turtle3";"1759999557.206533901";"/home/latup/ros2_ws/src/ros_tutorials/turtlesim/src/turtle.cpp:update:288"
"Oh no! I hit the wall! (Clamping from [x=11.120889, y=5.342279])";"30";"turtlesim2.turtle2";"1759999557.198114451";"/home/latup/ros2_ws/src/ros_tutorials/turtlesim/src/turtle.cpp:update:288"
"Oh no! I hit the wall! (Clamping from [x=11.120889, y=5.342279])";"30";"turtlesim3.turtle3";"1759999557.191538888";"/home/latup/ros2_ws/src/ros_tutorials/turtlesim/src/turtle.cpp:update:288"
"Oh no! I hit the wall! (Clamping from [x=11.120889, y=5.342279])";"30";"turtlesim2.turtle2";"1759999557.182390106";"/home/latup/ros2_ws/src/ros_tutorials/turtlesim/src/turtle.cpp:update:288"
"Oh no! I hit the wall! (Clamping from [x=11.120889, y=5.342279])";"30";"turtlesim3.turtle3";"1759999557.175461698";"/home/latup/ros2_ws/src/ros_tutorials/turtlesim/src/turtle.cpp:update:288"
"Oh no! I hit the wall! (Clamping from [x=11.120889, y=5.342279])";"30";"turtlesim2.turtle2";"1759999557.166479721";"/home/latup/ros2_ws/src/ros_tutorials/turtlesim/src/turtle.cpp:update:288"
"Oh no! I hit the wall! (Clamping from [x=11.120889, y=5.342279])";"30";"turtlesim3.turtle3";"1759999557.159339889";"/home/latup/ros2_ws/src/ros_tutorials/turtlesim/src/turtle.cpp:update:288"
"Oh no! I hit the wall! (Clamping from [x=11.120889, y=5.342279])";"30";"turtlesim2.turtle2";"1759999557.150492090";"/home/latup/ros2_ws/src/ros_tutorials/turtlesim/src/turtle.cpp:update:288"
"Oh no! I hit the wall! (Clamping from [x=11.120889, y=5.342279])";"30";"turtlesim3.turtle3";"1759999557.142986445";"/home/latup/ros2_ws/src/ros_tutorials/turtlesim/src/turtle.cpp:update:288"
"Oh no! I hit the wall! (Clamping from [x=11.120889, y=5.342279])";"30";"turtlesim2.turtle2";"1759999557.134384454";"/home/latup/ros2_ws/src/ros_tutorials/turtlesim/src/turtle.cpp:update:288"
"Oh no! I hit the wall! (Clamping from [x=11.120889, y=5.342279])";"30";"turtlesim3.turtle3";"1759999557.127219876";"/home/latup/ros2_ws/src/ros_tutorials/turtlesim/src/turtle.cpp:update:288"
"Oh no! I hit the wall! (Clamping from [x=11.120889, y=5.342279])";"30";"turtlesim2.turtle2";"1759999557.118624292";"/home/latup/ros2_ws/src/ros_tutorials/turtlesim/src/turtle.cpp:update:288"
"Oh no! I hit the wall! (Clamping from [x=11.120889, y=5.342279])";"30";"turtlesim1.turtle1";"1759999557.115089753";"/home/latup/ros2_ws/src/ros_tutorials/turtlesim/src/turtle.cpp:update:288"
"Oh no! I hit the wall! (Clamping from [x=11.120889, y=5.342279])";"30";"turtlesim3.turtle3";"1759999557.110635467";"/home/latup/ros2_ws/src/ros_tutorials/turtlesim/src/turtle.cpp:update:288"
"Oh no! I hit the wall! (Clamping from [x=11.120889, y=5.342279])";"30";"turtlesim2.turtle2";"1759999557.102808946";"/home/latup/ros2_ws/src/ros_tutorials/turtlesim/src/turtle.cpp:update:288"
"Oh no! I hit the wall! (Clamping from [x=11.120889, y=5.342279])";"30";"turtlesim1.turtle1";"1759999557.099214335";"/home/latup/ros2_ws/src/ros_tutorials/turtlesim/src/turtle.cpp:update:288"
"Oh no! I hit the wall! (Clamping from [x=11.120889, y=5.342279])";"30";"turtlesim3.turtle3";"1759999557.094807708";"/home/latup/ros2_ws/src/ros_tutorials/turtlesim/src/turtle.cpp:update:288"
"Oh no! I hit the wall! (Clamping from [x=11.120889, y=5.342279])";"30";"turtlesim2.turtle2";"1759999557.086949840";"/home/latup/ros2_ws/src/ros_tutorials/turtlesim/src/turtle.cpp:update:288"
"Oh no! I hit the wall! (Clamping from [x=11.120889, y=5.342279])";"30";"turtlesim1.turtle1";"1759999557.083002431";"/home/latup/ros2_ws/src/ros_tutorials/turtlesim/src/turtle.cpp:update:288"
"Oh no! I hit the wall! (Clamping from [x=11.120889, y=5.342279])";"30";"turtlesim3.turtle3";"1759999557.078910118";"/home/latup/ros2_ws/src/ros_tutorials/turtlesim/src/turtle.cpp:update:288"
"Oh no! I hit the wall! (Clamping from [x=11.120889, y=5.342279])";"30";"turtlesim2.turtle2";"1759999557.070844826";"/home/latup/ros2_ws/src/ros_tutorials/turtlesim/src/turtle.cpp:update:288"
"Oh no! I hit the wall! (Clamping from [x=11.120889, y=5.342279])";"30";"turtlesim1.turtle1";"1759999557.066983304";"/home/latup/ros2_ws/src/ros_tutorials/turtlesim/src/turtle.cpp:update:288"
"Oh no! I hit the wall! (Clamping from [x=11.120889, y=5.342279])";"30";"turtlesim3.turtle3";"1759999557.062907836";"/home/latup/ros2_ws/src/ros_tutorials/turtlesim/src/turtle.cpp:update:288"
"Oh no! I hit the wall! (Clamping from [x=11.120889, y=5.342279])";"30";"turtlesim2.turtle2";"1759999557.054700042";"/home/latup/ros2_ws/src/ros_tutorials/turtlesim/src/turtle.cpp:update:288"
"Oh no! I hit the wall! (Clamping from [x=11.120889, y=5.342279])";"30";"turtlesim1.turtle1";"1759999557.050771777";"/home/latup/ros2_ws/src/ros_tutorials/turtlesim/src/turtle.cpp:update:288"
"Oh no! I hit the wall! (Clamping from [x=11.120889, y=5.342279])";"30";"turtlesim3.turtle3";"1759999557.047007090";"/home/latup/ros2_ws/src/ros_tutorials/turtlesim/src/turtle.cpp:update:288"
"Oh no! I hit the wall! (Clamping from [x=11.120889, y=5.342279])";"30";"turtlesim2.turtle2";"1759999557.038414575";"/home/latup/ros2_ws/src/ros_tutorials/turtlesim/src/turtle.cpp:update:288"
"Oh no! I hit the wall! (Clamping from [x=11.120889, y=5.342279])";"30";"turtlesim1.turtle1";"1759999557.035696654";"/home/latup/ros2_ws/src/ros_tutorials/turtlesim/src/turtle.cpp:update:288"
"Oh no! I hit the wall! (Clamping from [x=11.120889, y=5.342279])";"30";"turtlesim3.turtle3";"1759999557.031049778";"/home/latup/ros2_ws/src/ros_tutorials/turtlesim/src/turtle.cpp:update:288"
"Oh no! I hit the wall! (Clamping from [x=11.120889, y=5.342279])";"30";"turtlesim2.turtle2";"1759999557.022632623";"/home/latup/ros2_ws/src/ros_tutorials/turtlesim/src/turtle.cpp:update:288"
"Oh no! I hit the wall! (Clamping from [x=11.120889, y=5.342279])";"30";"turtlesim1.turtle1";"1759999557.019665652";"/home/latup/ros2_ws/src/ros_tutorials/turtlesim/src/turtle.cpp:update:288"
"Oh no! I hit the wall! (Clamping from [x=11.120889, y=5.342279])";"30";"turtlesim3.turtle3";"1759999557.015191213";"/home/latup/ros2_ws/src/ros_tutorials/turtlesim/src/turtle.cpp:update:288"
"Oh no! I hit the wall! (Clamping from [x=11.120889, y=5.342279])";"30";"turtlesim2.turtle2";"1759999557.006409898";"/home/latup/ros2_ws/src/ros_tutorials/turtlesim/src/turtle.cpp:update:288"
"Oh no! I hit the wall! (Clamping from [x=11.120889, y=5.342279])";"30";"turtlesim1.turtle1";"1759999557.002717512";"/home/latup/ros2_ws/src/ros_tutorials/turtlesim/src/turtle.cpp:update:288"
"Oh no! I hit the wall! (Clamping from [x=11.120889, y=5.342279])";"30";"turtlesim3.turtle3";"1759999556.998498367";"/home/latup/ros2_ws/src/ros_tutorials/turtlesim/src/turtle.cpp:update:288"
"Oh no! I hit the wall! (Clamping from [x=11.120889, y=5.342279])";"30";"turtlesim2.turtle2";"1759999556.990452090";"/home/latup/ros2_ws/src/ros_tutorials/turtlesim/src/turtle.cpp:update:288"
"Oh no! I hit the wall! (Clamping from [x=11.120889, y=5.342279])";"30";"turtlesim1.turtle1";"1759999556.986978967";"/home/latup/ros2_ws/src/ros_tutorials/turtlesim/src/turtle.cpp:update:288"
"Oh no! I hit the wall! (Clamping from [x=11.120889, y=5.342279])";"30";"turtlesim3.turtle3";"1759999556.982860325";"/home/latup/ros2_ws/src/ros_tutorials/turtlesim/src/turtle.cpp:update:288"
"Oh no! I hit the wall! (Clamping from [x=11.120889, y=5.342279])";"30";"turtlesim2.turtle2";"1759999556.974566799";"/home/latup/ros2_ws/src/ros_tutorials/turtlesim/src/turtle.cpp:update:288"
"Oh no! I hit the wall! (Clamping from [x=11.120889, y=5.342279])";"30";"turtlesim1.turtle1";"1759999556.971142827";"/home/latup/ros2_ws/src/ros_tutorials/turtlesim/src/turtle.cpp:update:288"
"Oh no! I hit the wall! (Clamping from [x=11.120889, y=5.342279])";"30";"turtlesim3.turtle3";"1759999556.967226400";"/home/latup/ros2_ws/src/ros_tutorials/turtlesim/src/turtle.cpp:update:288"
"Oh no! I hit the wall! (Clamping from [x=11.120889, y=5.342279])";"30";"turtlesim2.turtle2";"1759999556.958516675";"/home/latup/ros2_ws/src/ros_tutorials/turtlesim/src/turtle.cpp:update:288"
"Oh no! I hit the wall! (Clamping from [x=11.120889, y=5.342279])";"30";"turtlesim1.turtle1";"1759999556.955098470";"/home/latup/ros2_ws/src/ros_tutorials/turtlesim/src/turtle.cpp:update:288"
"Oh no! I hit the wall! (Clamping from [x=11.120889, y=5.342279])";"30";"turtlesim2.turtle2";"1759999556.911170646";"/home/latup/ros2_ws/src/ros_tutorials/turtlesim/src/turtle.cpp:update:288"
"Oh no! I hit the wall! (Clamping from [x=11.120889, y=5.342279])";"30";"turtlesim1.turtle1";"1759999556.907485400";"/home/latup/ros2_ws/src/ros_tutorials/turtlesim/src/turtle.cpp:update:288"
"Oh no! I hit the wall! (Clamping from [x=11.120889, y=5.342279])";"30";"turtlesim3.turtle3";"1759999556.903544133";"/home/latup/ros2_ws/src/ros_tutorials/turtlesim/src/turtle.cpp:update:288"
"Oh no! I hit the wall! (Clamping from [x=11.120889, y=5.342279])";"30";"turtlesim2.turtle2";"1759999556.895269511";"/home/latup/ros2_ws/src/ros_tutorials/turtlesim/src/turtle.cpp:update:288"
"Oh no! I hit the wall! (Clamping from [x=11.120889, y=5.342279])";"30";"turtlesim1.turtle1";"1759999556.891728623";"/home/latup/ros2_ws/src/ros_tutorials/turtlesim/src/turtle.cpp:update:288"
"Oh no! I hit the wall! (Clamping from [x=11.120889, y=5.342279])";"30";"turtlesim3.turtle3";"1759999556.887448877";"/home/latup/ros2_ws/src/ros_tutorials/turtlesim/src/turtle.cpp:update:288"
"Oh no! I hit the wall! (Clamping from [x=11.120889, y=5.342279])";"30";"turtlesim2.turtle2";"1759999556.879135696";"/home/latup/ros2_ws/src/ros_tutorials/turtlesim/src/turtle.cpp:update:288"
"Oh no! I hit the wall! (Clamping from [x=11.120889, y=5.342279])";"30";"turtlesim1.turtle1";"1759999556.779488379";"/home/latup/ros2_ws/src/ros_tutorials/turtlesim/src/turtle.cpp:update:288"
"Oh no! I hit the wall! (Clamping from [x=11.120889, y=5.342279])";"30";"turtlesim1.turtle1";"1759999556.747167000";"/home/latup/ros2_ws/src/ros_tutorials/turtlesim/src/turtle.cpp:update:288"
"Oh no! I hit the wall! (Clamping from [x=11.120889, y=5.342279])";"30";"turtlesim3.turtle3";"1759999556.743682512";"/home/latup/ros2_ws/src/ros_tutorials/turtlesim/src/turtle.cpp:update:288"
"Oh no! I hit the wall! (Clamping from [x=11.120889, y=5.342279])";"30";"turtlesim1.turtle1";"1759999556.699056468";"/home/latup/ros2_ws/src/ros_tutorials/turtlesim/src/turtle.cpp:update:288"
"Oh no! I hit the wall! (Clamping from [x=11.120889, y=5.342279])";"30";"turtlesim3.turtle3";"1759999556.695185899";"/home/latup/ros2_ws/src/ros_tutorials/turtlesim/src/turtle.cpp:update:288"
"Oh no! I hit the wall! (Clamping from [x=11.120889, y=5.342279])";"30";"turtlesim2.turtle2";"1759999556.686982494";"/home/latup/ros2_ws/src/ros_tutorials/turtlesim/src/turtle.cpp:update:288"
"Oh no! I hit the wall! (Clamping from [x=11.120889, y=5.342279])";"30";"turtlesim1.turtle1";"1759999556.682809069";"/home/latup/ros2_ws/src/ros_tutorials/turtlesim/src/turtle.cpp:update:288"
"Oh no! I hit the wall! (Clamping from [x=11.120889, y=5.342279])";"30";"turtlesim3.turtle3";"1759999556.664158299";"/home/latup/ros2_ws/src/ros_tutorials/turtlesim/src/turtle.cpp:update:288"
"Oh no! I hit the wall! (Clamping from [x=11.120889, y=5.342279])";"30";"turtlesim2.turtle2";"1759999556.654707902";"/home/latup/ros2_ws/src/ros_tutorials/turtlesim/src/turtle.cpp:update:288"
"Oh no! I hit the wall! (Clamping from [x=11.120889, y=5.342279])";"30";"turtlesim1.turtle1";"1759999556.651681597";"/home/latup/ros2_ws/src/ros_tutorials/turtlesim/src/turtle.cpp:update:288"
"Oh no! I hit the wall! (Clamping from [x=11.120889, y=5.342279])";"30";"turtlesim3.turtle3";"1759999556.647317940";"/home/latup/ros2_ws/src/ros_tutorials/turtlesim/src/turtle.cpp:update:288"
"Oh no! I hit the wall! (Clamping from [x=11.120889, y=5.342279])";"30";"turtlesim2.turtle2";"1759999556.639197407";"/home/latup/ros2_ws/src/ros_tutorials/turtlesim/src/turtle.cpp:update:288"
"Oh no! I hit the wall! (Clamping from [x=11.120889, y=5.342279])";"30";"turtlesim1.turtle1";"1759999556.635505910";"/home/latup/ros2_ws/src/ros_tutorials/turtlesim/src/turtle.cpp:update:288"
"Oh no! I hit the wall! (Clamping from [x=11.120889, y=5.342279])";"30";"turtlesim2.turtle2";"1759999556.623020054";"/home/latup/ros2_ws/src/ros_tutorials/turtlesim/src/turtle.cpp:update:288"
"Oh no! I hit the wall! (Clamping from [x=11.120889, y=5.342279])";"30";"turtlesim2.turtle2";"1759999556.606540038";"/home/latup/ros2_ws/src/ros_tutorials/turtlesim/src/turtle.cpp:update:288"
"Oh no! I hit the wall! (Clamping from [x=11.120889, y=5.342279])";"30";"turtlesim3.turtle3";"1759999556.599446449";"/home/latup/ros2_ws/src/ros_tutorials/turtlesim/src/turtle.cpp:update:288"
"Oh no! I hit the wall! (Clamping from [x=11.120889, y=5.342279])";"30";"turtlesim2.turtle2";"1759999556.590931076";"/home/latup/ros2_ws/src/ros_tutorials/turtlesim/src/turtle.cpp:update:288"
"Oh no! I hit the wall! (Clamping from [x=11.120889, y=5.342279])";"30";"turtlesim1.turtle1";"1759999556.587058166";"/home/latup/ros2_ws/src/ros_tutorials/turtlesim/src/turtle.cpp:update:288"
"Oh no! I hit the wall! (Clamping from [x=11.120889, y=5.342279])";"30";"turtlesim3.turtle3";"1759999556.582616975";"/home/latup/ros2_ws/src/ros_tutorials/turtlesim/src/turtle.cpp:update:288"
"Oh no! I hit the wall! (Clamping from [x=11.120889, y=5.342279])";"30";"turtlesim2.turtle2";"1759999556.575017105";"/home/latup/ros2_ws/src/ros_tutorials/turtlesim/src/turtle.cpp:update:288"
"Oh no! I hit the wall! (Clamping from [x=11.120889, y=5.342279])";"30";"turtlesim1.turtle1";"1759999556.571069272";"/home/latup/ros2_ws/src/ros_tutorials/turtlesim/src/turtle.cpp:update:288"
"Oh no! I hit the wall! (Clamping from [x=11.120889, y=5.342279])";"30";"turtlesim3.turtle3";"1759999556.566810741";"/home/latup/ros2_ws/src/ros_tutorials/turtlesim/src/turtle.cpp:update:288"
"Oh no! I hit the wall! (Clamping from [x=11.120889, y=5.342279])";"30";"turtlesim2.turtle2";"1759999556.558204524";"/home/latup/ros2_ws/src/ros_tutorials/turtlesim/src/turtle.cpp:update:288"
"Oh no! I hit the wall! (Clamping from [x=11.120889, y=5.342279])";"30";"turtlesim1.turtle1";"1759999556.555948246";"/home/latup/ros2_ws/src/ros_tutorials/turtlesim/src/turtle.cpp:update:288"
"Oh no! I hit the wall! (Clamping from [x=11.120889, y=5.342279])";"30";"turtlesim3.turtle3";"1759999556.551025360";"/home/latup/ros2_ws/src/ros_tutorials/turtlesim/src/turtle.cpp:update:288"
"Oh no! I hit the wall! (Clamping from [x=11.120889, y=5.342279])";"30";"turtlesim2.turtle2";"1759999556.542346009";"/home/latup/ros2_ws/src/ros_tutorials/turtlesim/src/turtle.cpp:update:288"
"Oh no! I hit the wall! (Clamping from [x=11.120889, y=5.342279])";"30";"turtlesim1.turtle1";"1759999556.539669088";"/home/latup/ros2_ws/src/ros_tutorials/turtlesim/src/turtle.cpp:update:288"
"Oh no! I hit the wall! (Clamping from [x=11.120889, y=5.342279])";"30";"turtlesim3.turtle3";"1759999556.535114732";"/home/latup/ros2_ws/src/ros_tutorials/turtlesim/src/turtle.cpp:update:288"
"Oh no! I hit the wall! (Clamping from [x=11.120889, y=5.342279])";"30";"turtlesim2.turtle2";"1759999556.526617972";"/home/latup/ros2_ws/src/ros_tutorials/turtlesim/src/turtle.cpp:update:288"
"Oh no! I hit the wall! (Clamping from [x=11.120889, y=5.342279])";"30";"turtlesim1.turtle1";"1759999556.523488826";"/home/latup/ros2_ws/src/ros_tutorials/turtlesim/src/turtle.cpp:update:288"
"Oh no! I hit the wall! (Clamping from [x=11.120889, y=5.342279])";"30";"turtlesim3.turtle3";"1759999556.519125341";"/home/latup/ros2_ws/src/ros_tutorials/turtlesim/src/turtle.cpp:update:288"
"Oh no! I hit the wall! (Clamping from [x=11.120889, y=5.342279])";"30";"turtlesim2.turtle2";"1759999556.511011253";"/home/latup/ros2_ws/src/ros_tutorials/turtlesim/src/turtle.cpp:update:288"
"Oh no! I hit the wall! (Clamping from [x=11.120889, y=5.342279])";"30";"turtlesim1.turtle1";"1759999556.507626283";"/home/latup/ros2_ws/src/ros_tutorials/turtlesim/src/turtle.cpp:update:288"
"Oh no! I hit the wall! (Clamping from [x=11.120889, y=5.342279])";"30";"turtlesim3.turtle3";"1759999556.502803809";"/home/latup/ros2_ws/src/ros_tutorials/turtlesim/src/turtle.cpp:update:288"
"Oh no! I hit the wall! (Clamping from [x=11.120889, y=5.342279])";"30";"turtlesim2.turtle2";"1759999556.494293960";"/home/latup/ros2_ws/src/ros_tutorials/turtlesim/src/turtle.cpp:update:288"
"Oh no! I hit the wall! (Clamping from [x=11.120889, y=5.342279])";"30";"turtlesim1.turtle1";"1759999556.491524503";"/home/latup/ros2_ws/src/ros_tutorials/turtlesim/src/turtle.cpp:update:288"
"Oh no! I hit the wall! (Clamping from [x=11.120889, y=5.342279])";"30";"turtlesim3.turtle3";"1759999556.486892234";"/home/latup/ros2_ws/src/ros_tutorials/turtlesim/src/turtle.cpp:update:288"
"Oh no! I hit the wall! (Clamping from [x=11.120889, y=5.342279])";"30";"turtlesim2.turtle2";"1759999556.478435667";"/home/latup/ros2_ws/src/ros_tutorials/turtlesim/src/turtle.cpp:update:288"
"Oh no! I hit the wall! (Clamping from [x=11.120889, y=5.342279])";"30";"turtlesim1.turtle1";"1759999556.475652745";"/home/latup/ros2_ws/src/ros_tutorials/turtlesim/src/turtle.cpp:update:288"
"Oh no! I hit the wall! (Clamping from [x=11.120889, y=5.342279])";"30";"turtlesim2.turtle2";"1759999556.446776984";"/home/latup/ros2_ws/src/ros_tutorials/turtlesim/src/turtle.cpp:update:288"
"Oh no! I hit the wall! (Clamping from [x=11.120889, y=5.342279])";"30";"turtlesim1.turtle1";"1759999556.443011041";"/home/latup/ros2_ws/src/ros_tutorials/turtlesim/src/turtle.cpp:update:288"
"Oh no! I hit the wall! (Clamping from [x=11.120889, y=5.342279])";"30";"turtlesim3.turtle3";"1759999556.438710289";"/home/latup/ros2_ws/src/ros_tutorials/turtlesim/src/turtle.cpp:update:288"
"Oh no! I hit the wall! (Clamping from [x=11.120889, y=5.342279])";"30";"turtlesim2.turtle2";"1759999556.430132301";"/home/latup/ros2_ws/src/ros_tutorials/turtlesim/src/turtle.cpp:update:288"
"Oh no! I hit the wall! (Clamping from [x=11.120889, y=5.342279])";"30";"turtlesim1.turtle1";"1759999556.427254024";"/home/latup/ros2_ws/src/ros_tutorials/turtlesim/src/turtle.cpp:update:288"
"Oh no! I hit the wall! (Clamping from [x=11.120889, y=5.342279])";"30";"turtlesim3.turtle3";"1759999556.423120524";"/home/latup/ros2_ws/src/ros_tutorials/turtlesim/src/turtle.cpp:update:288"
"Oh no! I hit the wall! (Clamping from [x=11.120889, y=5.342279])";"30";"turtlesim2.turtle2";"1759999556.414228598";"/home/latup/ros2_ws/src/ros_tutorials/turtlesim/src/turtle.cpp:update:288"
"Oh no! I hit the wall! (Clamping from [x=11.120889, y=5.342279])";"30";"turtlesim2.turtle2";"1759999556.398446739";"/home/latup/ros2_ws/src/ros_tutorials/turtlesim/src/turtle.cpp:update:288"
"Oh no! I hit the wall! (Clamping from [x=11.120889, y=5.342279])";"30";"turtlesim1.turtle1";"1759999556.395414391";"/home/latup/ros2_ws/src/ros_tutorials/turtlesim/src/turtle.cpp:update:288"
"Oh no! I hit the wall! (Clamping from [x=11.120889, y=5.342279])";"30";"turtlesim3.turtle3";"1759999556.390627566";"/home/latup/ros2_ws/src/ros_tutorials/turtlesim/src/turtle.cpp:update:288"
"Oh no! I hit the wall! (Clamping from [x=11.120889, y=5.342279])";"30";"turtlesim2.turtle2";"1759999556.383311659";"/home/latup/ros2_ws/src/ros_tutorials/turtlesim/src/turtle.cpp:update:288"
"Oh no! I hit the wall! (Clamping from [x=11.120889, y=5.342279])";"30";"turtlesim2.turtle2";"1759999556.366579194";"/home/latup/ros2_ws/src/ros_tutorials/turtlesim/src/turtle.cpp:update:288"
"Oh no! I hit the wall! (Clamping from [x=11.120889, y=5.342279])";"30";"turtlesim1.turtle1";"1759999556.363060562";"/home/latup/ros2_ws/src/ros_tutorials/turtlesim/src/turtle.cpp:update:288"
"Oh no! I hit the wall! (Clamping from [x=11.120889, y=5.342279])";"30";"turtlesim3.turtle3";"1759999556.358794314";"/home/latup/ros2_ws/src/ros_tutorials/turtlesim/src/turtle.cpp:update:288"
"Oh no! I hit the wall! (Clamping from [x=11.120889, y=5.342279])";"30";"turtlesim3.turtle3";"1759999556.278793009";"/home/latup/ros2_ws/src/ros_tutorials/turtlesim/src/turtle.cpp:update:288"
"Oh no! I hit the wall! (Clamping from [x=11.120889, y=5.342279])";"30";"turtlesim2.turtle2";"1759999556.270490111";"/home/latup/ros2_ws/src/ros_tutorials/turtlesim/src/turtle.cpp:update:288"
"Oh no! I hit the wall! (Clamping from [x=11.120889, y=5.342279])";"30";"turtlesim1.turtle1";"1759999556.267593512";"/home/latup/ros2_ws/src/ros_tutorials/turtlesim/src/turtle.cpp:update:288"
"Oh no! I hit the wall! (Clamping from [x=11.120889, y=5.342279])";"30";"turtlesim3.turtle3";"1759999556.262861133";"/home/latup/ros2_ws/src/ros_tutorials/turtlesim/src/turtle.cpp:update:288"
"Oh no! I hit the wall! (Clamping from [x=11.120889, y=5.342279])";"30";"turtlesim2.turtle2";"1759999556.254615995";"/home/latup/ros2_ws/src/ros_tutorials/turtlesim/src/turtle.cpp:update:288"
"Oh no! I hit the wall! (Clamping from [x=11.120889, y=5.342279])";"30";"turtlesim1.turtle1";"1759999556.251563848";"/home/latup/ros2_ws/src/ros_tutorials/turtlesim/src/turtle.cpp:update:288"
"Oh no! I hit the wall! (Clamping from [x=11.120889, y=5.342279])";"30";"turtlesim3.turtle3";"1759999556.247108595";"/home/latup/ros2_ws/src/ros_tutorials/turtlesim/src/turtle.cpp:update:288"
"Oh no! I hit the wall! (Clamping from [x=11.120889, y=5.342279])";"30";"turtlesim2.turtle2";"1759999556.238747254";"/home/latup/ros2_ws/src/ros_tutorials/turtlesim/src/turtle.cpp:update:288"
"Oh no! I hit the wall! (Clamping from [x=11.120889, y=5.342279])";"30";"turtlesim1.turtle1";"1759999556.235593013";"/home/latup/ros2_ws/src/ros_tutorials/turtlesim/src/turtle.cpp:update:288"
"Oh no! I hit the wall! (Clamping from [x=11.120889, y=5.342279])";"30";"turtlesim3.turtle3";"1759999556.231248355";"/home/latup/ros2_ws/src/ros_tutorials/turtlesim/src/turtle.cpp:update:288"
"Oh no! I hit the wall! (Clamping from [x=11.120889, y=5.342279])";"30";"turtlesim2.turtle2";"1759999556.223091004";"/home/latup/ros2_ws/src/ros_tutorials/turtlesim/src/turtle.cpp:update:288"
"Oh no! I hit the wall! (Clamping from [x=11.120889, y=5.342279])";"30";"turtlesim2.turtle2";"1759999556.207340792";"/home/latup/ros2_ws/src/ros_tutorials/turtlesim/src/turtle.cpp:update:288"
"Oh no! I hit the wall! (Clamping from [x=11.120889, y=5.342279])";"30";"turtlesim1.turtle1";"1759999556.203151409";"/home/latup/ros2_ws/src/ros_tutorials/turtlesim/src/turtle.cpp:update:288"
"Oh no! I hit the wall! (Clamping from [x=11.120889, y=5.342279])";"30";"turtlesim2.turtle2";"1759999556.158682746";"/home/latup/ros2_ws/src/ros_tutorials/turtlesim/src/turtle.cpp:update:288"
"Oh no! I hit the wall! (Clamping from [x=11.120889, y=5.342279])";"30";"turtlesim1.turtle1";"1759999556.155657147";"/home/latup/ros2_ws/src/ros_tutorials/turtlesim/src/turtle.cpp:update:288"
"Oh no! I hit the wall! (Clamping from [x=11.120889, y=5.342279])";"30";"turtlesim3.turtle3";"1759999556.135148924";"/home/latup/ros2_ws/src/ros_tutorials/turtlesim/src/turtle.cpp:update:288"
"Oh no! I hit the wall! (Clamping from [x=11.120889, y=5.342279])";"30";"turtlesim2.turtle2";"1759999556.126911192";"/home/latup/ros2_ws/src/ros_tutorials/turtlesim/src/turtle.cpp:update:288"
"Oh no! I hit the wall! (Clamping from [x=11.120889, y=5.342279])";"30";"turtlesim1.turtle1";"1759999556.122849901";"/home/latup/ros2_ws/src/ros_tutorials/turtlesim/src/turtle.cpp:update:288"
"Oh no! I hit the wall! (Clamping from [x=11.120889, y=5.342279])";"30";"turtlesim3.turtle3";"1759999556.118568339";"/home/latup/ros2_ws/src/ros_tutorials/turtlesim/src/turtle.cpp:update:288"
"Oh no! I hit the wall! (Clamping from [x=11.120889, y=5.342279])";"30";"turtlesim2.turtle2";"1759999556.110215138";"/home/latup/ros2_ws/src/ros_tutorials/turtlesim/src/turtle.cpp:update:288"
"Oh no! I hit the wall! (Clamping from [x=11.120889, y=5.342279])";"30";"turtlesim1.turtle1";"1759999556.106925082";"/home/latup/ros2_ws/src/ros_tutorials/turtlesim/src/turtle.cpp:update:288"
"Oh no! I hit the wall! (Clamping from [x=11.120889, y=5.342279])";"30";"turtlesim3.turtle3";"1759999556.102986663";"/home/latup/ros2_ws/src/ros_tutorials/turtlesim/src/turtle.cpp:update:288"
"Oh no! I hit the wall! (Clamping from [x=11.120889, y=5.342279])";"30";"turtlesim2.turtle2";"1759999556.094283123";"/home/latup/ros2_ws/src/ros_tutorials/turtlesim/src/turtle.cpp:update:288"
"Oh no! I hit the wall! (Clamping from [x=11.120889, y=5.342279])";"30";"turtlesim1.turtle1";"1759999556.091879368";"/home/latup/ros2_ws/src/ros_tutorials/turtlesim/src/turtle.cpp:update:288"
"Oh no! I hit the wall! (Clamping from [x=11.120889, y=5.342279])";"30";"turtlesim3.turtle3";"1759999556.086381372";"/home/latup/ros2_ws/src/ros_tutorials/turtlesim/src/turtle.cpp:update:288"
"Oh no! I hit the wall! (Clamping from [x=11.120889, y=5.342279])";"30";"turtlesim2.turtle2";"1759999556.078506681";"/home/latup/ros2_ws/src/ros_tutorials/turtlesim/src/turtle.cpp:update:288"
"Oh no! I hit the wall! (Clamping from [x=11.120889, y=5.342279])";"30";"turtlesim1.turtle1";"1759999556.075571636";"/home/latup/ros2_ws/src/ros_tutorials/turtlesim/src/turtle.cpp:update:288"
"Oh no! I hit the wall! (Clamping from [x=11.120889, y=5.342279])";"30";"turtlesim3.turtle3";"1759999556.070788894";"/home/latup/ros2_ws/src/ros_tutorials/turtlesim/src/turtle.cpp:update:288"
"Oh no! I hit the wall! (Clamping from [x=11.120889, y=5.342279])";"30";"turtlesim2.turtle2";"1759999556.062830504";"/home/latup/ros2_ws/src/ros_tutorials/turtlesim/src/turtle.cpp:update:288"
"Oh no! I hit the wall! (Clamping from [x=11.120889, y=5.342279])";"30";"turtlesim1.turtle1";"1759999556.059200917";"/home/latup/ros2_ws/src/ros_tutorials/turtlesim/src/turtle.cpp:update:288"
"Oh no! I hit the wall! (Clamping from [x=11.120889, y=5.342279])";"30";"turtlesim3.turtle3";"1759999556.055122715";"/home/latup/ros2_ws/src/ros_tutorials/turtlesim/src/turtle.cpp:update:288"
"Oh no! I hit the wall! (Clamping from [x=11.120889, y=5.342279])";"30";"turtlesim2.turtle2";"1759999556.046937342";"/home/latup/ros2_ws/src/ros_tutorials/turtlesim/src/turtle.cpp:update:288"
"Oh no! I hit the wall! (Clamping from [x=11.120889, y=5.342279])";"30";"turtlesim1.turtle1";"1759999556.042834481";"/home/latup/ros2_ws/src/ros_tutorials/turtlesim/src/turtle.cpp:update:288"
"Oh no! I hit the wall! (Clamping from [x=11.120889, y=5.342279])";"30";"turtlesim3.turtle3";"1759999556.038498356";"/home/latup/ros2_ws/src/ros_tutorials/turtlesim/src/turtle.cpp:update:288"
"Oh no! I hit the wall! (Clamping from [x=11.120889, y=5.342279])";"30";"turtlesim2.turtle2";"1759999556.030108249";"/home/latup/ros2_ws/src/ros_tutorials/turtlesim/src/turtle.cpp:update:288"
"Oh no! I hit the wall! (Clamping from [x=11.120889, y=5.342279])";"30";"turtlesim1.turtle1";"1759999556.026998642";"/home/latup/ros2_ws/src/ros_tutorials/turtlesim/src/turtle.cpp:update:288"
"Oh no! I hit the wall! (Clamping from [x=11.120889, y=5.342279])";"30";"turtlesim3.turtle3";"1759999556.022780584";"/home/latup/ros2_ws/src/ros_tutorials/turtlesim/src/turtle.cpp:update:288"
"Oh no! I hit the wall! (Clamping from [x=11.120889, y=5.342279])";"30";"turtlesim2.turtle2";"1759999556.014443566";"/home/latup/ros2_ws/src/ros_tutorials/turtlesim/src/turtle.cpp:update:288"
"Oh no! I hit the wall! (Clamping from [x=11.120889, y=5.342279])";"30";"turtlesim1.turtle1";"1759999556.011187801";"/home/latup/ros2_ws/src/ros_tutorials/turtlesim/src/turtle.cpp:update:288"
"Oh no! I hit the wall! (Clamping from [x=11.120889, y=5.342279])";"30";"turtlesim3.turtle3";"1759999556.006898745";"/home/latup/ros2_ws/src/ros_tutorials/turtlesim/src/turtle.cpp:update:288"
"Oh no! I hit the wall! (Clamping from [x=11.120889, y=5.342279])";"30";"turtlesim2.turtle2";"1759999555.998410736";"/home/latup/ros2_ws/src/ros_tutorials/turtlesim/src/turtle.cpp:update:288"
"Oh no! I hit the wall! (Clamping from [x=11.120889, y=5.342279])";"30";"turtlesim1.turtle1";"1759999555.995466828";"/home/latup/ros2_ws/src/ros_tutorials/turtlesim/src/turtle.cpp:update:288"
"Oh no! I hit the wall! (Clamping from [x=11.120889, y=5.342279])";"30";"turtlesim3.turtle3";"1759999555.990944566";"/home/latup/ros2_ws/src/ros_tutorials/turtlesim/src/turtle.cpp:update:288"
"Oh no! I hit the wall! (Clamping from [x=11.120889, y=5.342279])";"30";"turtlesim2.turtle2";"1759999555.983214624";"/home/latup/ros2_ws/src/ros_tutorials/turtlesim/src/turtle.cpp:update:288"
"Oh no! I hit the wall! (Clamping from [x=11.120889, y=5.342279])";"30";"turtlesim1.turtle1";"1759999555.979652156";"/home/latup/ros2_ws/src/ros_tutorials/turtlesim/src/turtle.cpp:update:288"
"Oh no! I hit the wall! (Clamping from [x=11.117179, y=5.342279])";"30";"turtlesim3.turtle3";"1759999555.975330119";"/home/latup/ros2_ws/src/ros_tutorials/turtlesim/src/turtle.cpp:update:288"
"Oh no! I hit the wall! (Clamping from [x=11.120889, y=5.342279])";"30";"turtlesim2.turtle2";"1759999555.967012564";"/home/latup/ros2_ws/src/ros_tutorials/turtlesim/src/turtle.cpp:update:288"
"Oh no! I hit the wall! (Clamping from [x=11.120889, y=5.342279])";"30";"turtlesim1.turtle1";"1759999555.963453044";"/home/latup/ros2_ws/src/ros_tutorials/turtlesim/src/turtle.cpp:update:288"
"Oh no! I hit the wall! (Clamping from [x=11.117179, y=5.342279])";"30";"turtlesim2.turtle2";"1759999555.950828321";"/home/latup/ros2_ws/src/ros_tutorials/turtlesim/src/turtle.cpp:update:288"
"Oh no! I hit the wall! (Clamping from [x=11.120889, y=5.342279])";"30";"turtlesim1.turtle1";"1759999555.947501382";"/home/latup/ros2_ws/src/ros_tutorials/turtlesim/src/turtle.cpp:update:288"
"Oh no! I hit the wall! (Clamping from [x=11.120889, y=5.342279])";"30";"turtlesim1.turtle1";"1759999555.931495497";"/home/latup/ros2_ws/src/ros_tutorials/turtlesim/src/turtle.cpp:update:288"
"Oh no! I hit the wall! (Clamping from [x=11.120889, y=5.342279])";"30";"turtlesim1.turtle1";"1759999555.915516957";"/home/latup/ros2_ws/src/ros_tutorials/turtlesim/src/turtle.cpp:update:288"
"Oh no! I hit the wall! (Clamping from [x=11.120889, y=5.342279])";"30";"turtlesim1.turtle1";"1759999555.899214310";"/home/latup/ros2_ws/src/ros_tutorials/turtlesim/src/turtle.cpp:update:288"
"Oh no! I hit the wall! (Clamping from [x=11.120889, y=5.342279])";"30";"turtlesim1.turtle1";"1759999555.882982169";"/home/latup/ros2_ws/src/ros_tutorials/turtlesim/src/turtle.cpp:update:288"
"Oh no! I hit the wall! (Clamping from [x=11.117179, y=5.342279])";"30";"turtlesim1.turtle1";"1759999555.867020273";"/home/latup/ros2_ws/src/ros_tutorials/turtlesim/src/turtle.cpp:update:288"
"Oh no! I hit the wall! (Clamping from [x=11.120889, y=3.724958])";"30";"turtlesim3.turtle3";"1759999552.055083910";"/home/latup/ros2_ws/src/ros_tutorials/turtlesim/src/turtle.cpp:update:288"
"Oh no! I hit the wall! (Clamping from [x=11.120889, y=3.724958])";"30";"turtlesim3.turtle3";"1759999552.039383574";"/home/latup/ros2_ws/src/ros_tutorials/turtlesim/src/turtle.cpp:update:288"
"Oh no! I hit the wall! (Clamping from [x=11.120889, y=3.724958])";"30";"turtlesim2.turtle2";"1759999552.030656441";"/home/latup/ros2_ws/src/ros_tutorials/turtlesim/src/turtle.cpp:update:288"
"Oh no! I hit the wall! (Clamping from [x=11.120889, y=3.724958])";"30";"turtlesim3.turtle3";"1759999552.023439774";"/home/latup/ros2_ws/src/ros_tutorials/turtlesim/src/turtle.cpp:update:288"
"Oh no! I hit the wall! (Clamping from [x=11.120889, y=3.724958])";"30";"turtlesim2.turtle2";"1759999552.014768134";"/home/latup/ros2_ws/src/ros_tutorials/turtlesim/src/turtle.cpp:update:288"
"Oh no! I hit the wall! (Clamping from [x=11.120889, y=3.724958])";"30";"turtlesim3.turtle3";"1759999552.007445140";"/home/latup/ros2_ws/src/ros_tutorials/turtlesim/src/turtle.cpp:update:288"
"Oh no! I hit the wall! (Clamping from [x=11.120889, y=3.724958])";"30";"turtlesim2.turtle2";"1759999551.998747194";"/home/latup/ros2_ws/src/ros_tutorials/turtlesim/src/turtle.cpp:update:288"
"Oh no! I hit the wall! (Clamping from [x=11.120889, y=3.724958])";"30";"turtlesim3.turtle3";"1759999551.991431860";"/home/latup/ros2_ws/src/ros_tutorials/turtlesim/src/turtle.cpp:update:288"
"Oh no! I hit the wall! (Clamping from [x=11.120889, y=3.724958])";"30";"turtlesim2.turtle2";"1759999551.982889931";"/home/latup/ros2_ws/src/ros_tutorials/turtlesim/src/turtle.cpp:update:288"
"Oh no! I hit the wall! (Clamping from [x=11.120889, y=3.724958])";"30";"turtlesim3.turtle3";"1759999551.974594172";"/home/latup/ros2_ws/src/ros_tutorials/turtlesim/src/turtle.cpp:update:288"
"Oh no! I hit the wall! (Clamping from [x=11.120889, y=3.724958])";"30";"turtlesim2.turtle2";"1759999551.966259355";"/home/latup/ros2_ws/src/ros_tutorials/turtlesim/src/turtle.cpp:update:288"
"Oh no! I hit the wall! (Clamping from [x=11.120889, y=3.724958])";"30";"turtlesim3.turtle3";"1759999551.958703514";"/home/latup/ros2_ws/src/ros_tutorials/turtlesim/src/turtle.cpp:update:288"
"Oh no! I hit the wall! (Clamping from [x=11.120889, y=3.724958])";"30";"turtlesim2.turtle2";"1759999551.950618875";"/home/latup/ros2_ws/src/ros_tutorials/turtlesim/src/turtle.cpp:update:288"
"Oh no! I hit the wall! (Clamping from [x=11.120889, y=3.724958])";"30";"turtlesim1.turtle1";"1759999551.946959116";"/home/latup/ros2_ws/src/ros_tutorials/turtlesim/src/turtle.cpp:update:288"
"Oh no! I hit the wall! (Clamping from [x=11.120889, y=3.724958])";"30";"turtlesim3.turtle3";"1759999551.942979159";"/home/latup/ros2_ws/src/ros_tutorials/turtlesim/src/turtle.cpp:update:288"
"Oh no! I hit the wall! (Clamping from [x=11.120889, y=3.724958])";"30";"turtlesim2.turtle2";"1759999551.934959762";"/home/latup/ros2_ws/src/ros_tutorials/turtlesim/src/turtle.cpp:update:288"
"Oh no! I hit the wall! (Clamping from [x=11.120889, y=3.724958])";"30";"turtlesim1.turtle1";"1759999551.931032778";"/home/latup/ros2_ws/src/ros_tutorials/turtlesim/src/turtle.cpp:update:288"
"Oh no! I hit the wall! (Clamping from [x=11.120889, y=3.724958])";"30";"turtlesim3.turtle3";"1759999551.927077682";"/home/latup/ros2_ws/src/ros_tutorials/turtlesim/src/turtle.cpp:update:288"
"Oh no! I hit the wall! (Clamping from [x=11.120889, y=3.724958])";"30";"turtlesim2.turtle2";"1759999551.919178978";"/home/latup/ros2_ws/src/ros_tutorials/turtlesim/src/turtle.cpp:update:288"
"Oh no! I hit the wall! (Clamping from [x=11.120889, y=3.724958])";"30";"turtlesim1.turtle1";"1759999551.899059075";"/home/latup/ros2_ws/src/ros_tutorials/turtlesim/src/turtle.cpp:update:288"
"Oh no! I hit the wall! (Clamping from [x=11.120889, y=3.724958])";"30";"turtlesim3.turtle3";"1759999551.830536265";"/home/latup/ros2_ws/src/ros_tutorials/turtlesim/src/turtle.cpp:update:288"
"Oh no! I hit the wall! (Clamping from [x=11.120889, y=3.724958])";"30";"turtlesim2.turtle2";"1759999551.822933864";"/home/latup/ros2_ws/src/ros_tutorials/turtlesim/src/turtle.cpp:update:288"
"Oh no! I hit the wall! (Clamping from [x=11.120889, y=3.724958])";"30";"turtlesim1.turtle1";"1759999551.818945229";"/home/latup/ros2_ws/src/ros_tutorials/turtlesim/src/turtle.cpp:update:288"
"Oh no! I hit the wall! (Clamping from [x=11.120889, y=3.724958])";"30";"turtlesim3.turtle3";"1759999551.814978961";"/home/latup/ros2_ws/src/ros_tutorials/turtlesim/src/turtle.cpp:update:288"
"Oh no! I hit the wall! (Clamping from [x=11.120889, y=3.724958])";"30";"turtlesim2.turtle2";"1759999551.806185117";"/home/latup/ros2_ws/src/ros_tutorials/turtlesim/src/turtle.cpp:update:288"
"Oh no! I hit the wall! (Clamping from [x=11.120889, y=3.724958])";"30";"turtlesim1.turtle1";"1759999551.803104741";"/home/latup/ros2_ws/src/ros_tutorials/turtlesim/src/turtle.cpp:update:288"
"Oh no! I hit the wall! (Clamping from [x=11.120889, y=3.724958])";"30";"turtlesim3.turtle3";"1759999551.799242894";"/home/latup/ros2_ws/src/ros_tutorials/turtlesim/src/turtle.cpp:update:288"
"Oh no! I hit the wall! (Clamping from [x=11.120889, y=3.724958])";"30";"turtlesim2.turtle2";"1759999551.790328480";"/home/latup/ros2_ws/src/ros_tutorials/turtlesim/src/turtle.cpp:update:288"
"Oh no! I hit the wall! (Clamping from [x=11.120889, y=3.724958])";"30";"turtlesim1.turtle1";"1759999551.787266404";"/home/latup/ros2_ws/src/ros_tutorials/turtlesim/src/turtle.cpp:update:288"
"Oh no! I hit the wall! (Clamping from [x=11.120889, y=3.724958])";"30";"turtlesim3.turtle3";"1759999551.783330945";"/home/latup/ros2_ws/src/ros_tutorials/turtlesim/src/turtle.cpp:update:288"
"Oh no! I hit the wall! (Clamping from [x=11.120889, y=3.724958])";"30";"turtlesim2.turtle2";"1759999551.774447863";"/home/latup/ros2_ws/src/ros_tutorials/turtlesim/src/turtle.cpp:update:288"
"Oh no! I hit the wall! (Clamping from [x=11.120889, y=3.724958])";"30";"turtlesim1.turtle1";"1759999551.771247924";"/home/latup/ros2_ws/src/ros_tutorials/turtlesim/src/turtle.cpp:update:288"
"Oh no! I hit the wall! (Clamping from [x=11.120889, y=3.724958])";"30";"turtlesim3.turtle3";"1759999551.766560292";"/home/latup/ros2_ws/src/ros_tutorials/turtlesim/src/turtle.cpp:update:288"
"Oh no! I hit the wall! (Clamping from [x=11.120889, y=3.724958])";"30";"turtlesim2.turtle2";"1759999551.758540428";"/home/latup/ros2_ws/src/ros_tutorials/turtlesim/src/turtle.cpp:update:288"
"Oh no! I hit the wall! (Clamping from [x=11.120889, y=3.724958])";"30";"turtlesim1.turtle1";"1759999551.755133354";"/home/latup/ros2_ws/src/ros_tutorials/turtlesim/src/turtle.cpp:update:288"
"Oh no! I hit the wall! (Clamping from [x=11.120889, y=3.724958])";"30";"turtlesim3.turtle3";"1759999551.750910050";"/home/latup/ros2_ws/src/ros_tutorials/turtlesim/src/turtle.cpp:update:288"
"Oh no! I hit the wall! (Clamping from [x=11.120889, y=3.724958])";"30";"turtlesim2.turtle2";"1759999551.742538468";"/home/latup/ros2_ws/src/ros_tutorials/turtlesim/src/turtle.cpp:update:288"
"Oh no! I hit the wall! (Clamping from [x=11.120889, y=3.724958])";"30";"turtlesim1.turtle1";"1759999551.739216778";"/home/latup/ros2_ws/src/ros_tutorials/turtlesim/src/turtle.cpp:update:288"
"Oh no! I hit the wall! (Clamping from [x=11.120889, y=3.724958])";"30";"turtlesim3.turtle3";"1759999551.735064361";"/home/latup/ros2_ws/src/ros_tutorials/turtlesim/src/turtle.cpp:update:288"
"Oh no! I hit the wall! (Clamping from [x=11.120889, y=3.724958])";"30";"turtlesim2.turtle2";"1759999551.727027356";"/home/latup/ros2_ws/src/ros_tutorials/turtlesim/src/turtle.cpp:update:288"
"Oh no! I hit the wall! (Clamping from [x=11.120889, y=3.724958])";"30";"turtlesim1.turtle1";"1759999551.723293571";"/home/latup/ros2_ws/src/ros_tutorials/turtlesim/src/turtle.cpp:update:288"
"Oh no! I hit the wall! (Clamping from [x=11.120889, y=3.724958])";"30";"turtlesim3.turtle3";"1759999551.719344515";"/home/latup/ros2_ws/src/ros_tutorials/turtlesim/src/turtle.cpp:update:288"
"Oh no! I hit the wall! (Clamping from [x=11.120889, y=3.724958])";"30";"turtlesim2.turtle2";"1759999551.710928563";"/home/latup/ros2_ws/src/ros_tutorials/turtlesim/src/turtle.cpp:update:288"
"Oh no! I hit the wall! (Clamping from [x=11.120889, y=3.724958])";"30";"turtlesim1.turtle1";"1759999551.707158586";"/home/latup/ros2_ws/src/ros_tutorials/turtlesim/src/turtle.cpp:update:288"
"Oh no! I hit the wall! (Clamping from [x=11.120889, y=3.724958])";"30";"turtlesim3.turtle3";"1759999551.703233887";"/home/latup/ros2_ws/src/ros_tutorials/turtlesim/src/turtle.cpp:update:288"
"Oh no! I hit the wall! (Clamping from [x=11.120889, y=3.724958])";"30";"turtlesim2.turtle2";"1759999551.694909401";"/home/latup/ros2_ws/src/ros_tutorials/turtlesim/src/turtle.cpp:update:288"
"Oh no! I hit the wall! (Clamping from [x=11.120889, y=3.724958])";"30";"turtlesim1.turtle1";"1759999551.690903536";"/home/latup/ros2_ws/src/ros_tutorials/turtlesim/src/turtle.cpp:update:288"
"Oh no! I hit the wall! (Clamping from [x=11.120889, y=3.724958])";"30";"turtlesim3.turtle3";"1759999551.687320047";"/home/latup/ros2_ws/src/ros_tutorials/turtlesim/src/turtle.cpp:update:288"
"Oh no! I hit the wall! (Clamping from [x=11.120889, y=3.724958])";"30";"turtlesim2.turtle2";"1759999551.679056247";"/home/latup/ros2_ws/src/ros_tutorials/turtlesim/src/turtle.cpp:update:288"
"Oh no! I hit the wall! (Clamping from [x=11.120889, y=3.724958])";"30";"turtlesim1.turtle1";"1759999551.675685087";"/home/latup/ros2_ws/src/ros_tutorials/turtlesim/src/turtle.cpp:update:288"
"Oh no! I hit the wall! (Clamping from [x=11.120889, y=3.724958])";"30";"turtlesim3.turtle3";"1759999551.671474854";"/home/latup/ros2_ws/src/ros_tutorials/turtlesim/src/turtle.cpp:update:288"
"Oh no! I hit the wall! (Clamping from [x=11.120889, y=3.724958])";"30";"turtlesim2.turtle2";"1759999551.662904557";"/home/latup/ros2_ws/src/ros_tutorials/turtlesim/src/turtle.cpp:update:288"
"Oh no! I hit the wall! (Clamping from [x=11.120889, y=3.724958])";"30";"turtlesim1.turtle1";"1759999551.659573230";"/home/latup/ros2_ws/src/ros_tutorials/turtlesim/src/turtle.cpp:update:288"
"Oh no! I hit the wall! (Clamping from [x=11.120889, y=3.724958])";"30";"turtlesim3.turtle3";"1759999551.655496843";"/home/latup/ros2_ws/src/ros_tutorials/turtlesim/src/turtle.cpp:update:288"
"Oh no! I hit the wall! (Clamping from [x=11.120889, y=3.724958])";"30";"turtlesim2.turtle2";"1759999551.646910057";"/home/latup/ros2_ws/src/ros_tutorials/turtlesim/src/turtle.cpp:update:288"
"Oh no! I hit the wall! (Clamping from [x=11.120889, y=3.724958])";"30";"turtlesim1.turtle1";"1759999551.643325362";"/home/latup/ros2_ws/src/ros_tutorials/turtlesim/src/turtle.cpp:update:288"
"Oh no! I hit the wall! (Clamping from [x=11.120889, y=3.724958])";"30";"turtlesim3.turtle3";"1759999551.639594746";"/home/latup/ros2_ws/src/ros_tutorials/turtlesim/src/turtle.cpp:update:288"
"Oh no! I hit the wall! (Clamping from [x=11.120889, y=3.724958])";"30";"turtlesim2.turtle2";"1759999551.630613639";"/home/latup/ros2_ws/src/ros_tutorials/turtlesim/src/turtle.cpp:update:288"
"Oh no! I hit the wall! (Clamping from [x=11.120889, y=3.724958])";"30";"turtlesim1.turtle1";"1759999551.595043451";"/home/latup/ros2_ws/src/ros_tutorials/turtlesim/src/turtle.cpp:update:288"
"Oh no! I hit the wall! (Clamping from [x=11.120889, y=3.724958])";"30";"turtlesim3.turtle3";"1759999551.591071881";"/home/latup/ros2_ws/src/ros_tutorials/turtlesim/src/turtle.cpp:update:288"
"Oh no! I hit the wall! (Clamping from [x=11.120889, y=3.724958])";"30";"turtlesim2.turtle2";"1759999551.582636563";"/home/latup/ros2_ws/src/ros_tutorials/turtlesim/src/turtle.cpp:update:288"
"Oh no! I hit the wall! (Clamping from [x=11.120889, y=3.724958])";"30";"turtlesim1.turtle1";"1759999551.579360408";"/home/latup/ros2_ws/src/ros_tutorials/turtlesim/src/turtle.cpp:update:288"
"Oh no! I hit the wall! (Clamping from [x=11.120889, y=3.724958])";"30";"turtlesim3.turtle3";"1759999551.575326443";"/home/latup/ros2_ws/src/ros_tutorials/turtlesim/src/turtle.cpp:update:288"
"Oh no! I hit the wall! (Clamping from [x=11.120889, y=3.724958])";"30";"turtlesim2.turtle2";"1759999551.566843112";"/home/latup/ros2_ws/src/ros_tutorials/turtlesim/src/turtle.cpp:update:288"
"Oh no! I hit the wall! (Clamping from [x=11.120889, y=3.724958])";"30";"turtlesim3.turtle3";"1759999551.559625803";"/home/latup/ros2_ws/src/ros_tutorials/turtlesim/src/turtle.cpp:update:288"
"Oh no! I hit the wall! (Clamping from [x=11.120889, y=3.724958])";"30";"turtlesim2.turtle2";"1759999551.534908463";"/home/latup/ros2_ws/src/ros_tutorials/turtlesim/src/turtle.cpp:update:288"
"Oh no! I hit the wall! (Clamping from [x=11.120889, y=3.724958])";"30";"turtlesim2.turtle2";"1759999551.486521844";"/home/latup/ros2_ws/src/ros_tutorials/turtlesim/src/turtle.cpp:update:288"
"Oh no! I hit the wall! (Clamping from [x=11.120889, y=3.724958])";"30";"turtlesim1.turtle1";"1759999551.483152628";"/home/latup/ros2_ws/src/ros_tutorials/turtlesim/src/turtle.cpp:update:288"
"Oh no! I hit the wall! (Clamping from [x=11.120889, y=3.724958])";"30";"turtlesim3.turtle3";"1759999551.478857364";"/home/latup/ros2_ws/src/ros_tutorials/turtlesim/src/turtle.cpp:update:288"
"Oh no! I hit the wall! (Clamping from [x=11.120889, y=3.724958])";"30";"turtlesim2.turtle2";"1759999551.471309620";"/home/latup/ros2_ws/src/ros_tutorials/turtlesim/src/turtle.cpp:update:288"
"Oh no! I hit the wall! (Clamping from [x=11.120889, y=3.724958])";"30";"turtlesim1.turtle1";"1759999551.467060591";"/home/latup/ros2_ws/src/ros_tutorials/turtlesim/src/turtle.cpp:update:288"
"Oh no! I hit the wall! (Clamping from [x=11.120889, y=3.724958])";"30";"turtlesim3.turtle3";"1759999551.462896099";"/home/latup/ros2_ws/src/ros_tutorials/turtlesim/src/turtle.cpp:update:288"
"Oh no! I hit the wall! (Clamping from [x=11.120889, y=3.724958])";"30";"turtlesim2.turtle2";"1759999551.455161948";"/home/latup/ros2_ws/src/ros_tutorials/turtlesim/src/turtle.cpp:update:288"
"Oh no! I hit the wall! (Clamping from [x=11.120889, y=3.724958])";"30";"turtlesim1.turtle1";"1759999551.451099198";"/home/latup/ros2_ws/src/ros_tutorials/turtlesim/src/turtle.cpp:update:288"
"Oh no! I hit the wall! (Clamping from [x=11.120889, y=3.724958])";"30";"turtlesim3.turtle3";"1759999551.446990504";"/home/latup/ros2_ws/src/ros_tutorials/turtlesim/src/turtle.cpp:update:288"
"Oh no! I hit the wall! (Clamping from [x=11.120889, y=3.724958])";"30";"turtlesim2.turtle2";"1759999551.439259684";"/home/latup/ros2_ws/src/ros_tutorials/turtlesim/src/turtle.cpp:update:288"
"Oh no! I hit the wall! (Clamping from [x=11.120889, y=3.724958])";"30";"turtlesim1.turtle1";"1759999551.435836482";"/home/latup/ros2_ws/src/ros_tutorials/turtlesim/src/turtle.cpp:update:288"
"Oh no! I hit the wall! (Clamping from [x=11.120889, y=3.724958])";"30";"turtlesim3.turtle3";"1759999551.431056249";"/home/latup/ros2_ws/src/ros_tutorials/turtlesim/src/turtle.cpp:update:288"
"Oh no! I hit the wall! (Clamping from [x=11.120889, y=3.724958])";"30";"turtlesim2.turtle2";"1759999551.422841248";"/home/latup/ros2_ws/src/ros_tutorials/turtlesim/src/turtle.cpp:update:288"
"Oh no! I hit the wall! (Clamping from [x=11.120889, y=3.724958])";"30";"turtlesim1.turtle1";"1759999551.419544731";"/home/latup/ros2_ws/src/ros_tutorials/turtlesim/src/turtle.cpp:update:288"
"Oh no! I hit the wall! (Clamping from [x=11.120889, y=3.724958])";"30";"turtlesim3.turtle3";"1759999551.415246033";"/home/latup/ros2_ws/src/ros_tutorials/turtlesim/src/turtle.cpp:update:288"
"Oh no! I hit the wall! (Clamping from [x=11.120889, y=3.724958])";"30";"turtlesim2.turtle2";"1759999551.407463233";"/home/latup/ros2_ws/src/ros_tutorials/turtlesim/src/turtle.cpp:update:288"
"Oh no! I hit the wall! (Clamping from [x=11.120889, y=3.724958])";"30";"turtlesim1.turtle1";"1759999551.402999316";"/home/latup/ros2_ws/src/ros_tutorials/turtlesim/src/turtle.cpp:update:288"
"Oh no! I hit the wall! (Clamping from [x=11.120889, y=3.724958])";"30";"turtlesim3.turtle3";"1759999551.399297746";"/home/latup/ros2_ws/src/ros_tutorials/turtlesim/src/turtle.cpp:update:288"
"Oh no! I hit the wall! (Clamping from [x=11.120889, y=3.724958])";"30";"turtlesim2.turtle2";"1759999551.390936072";"/home/latup/ros2_ws/src/ros_tutorials/turtlesim/src/turtle.cpp:update:288"
"Oh no! I hit the wall! (Clamping from [x=11.120889, y=3.724958])";"30";"turtlesim1.turtle1";"1759999551.386907632";"/home/latup/ros2_ws/src/ros_tutorials/turtlesim/src/turtle.cpp:update:288"
"Oh no! I hit the wall! (Clamping from [x=11.120889, y=3.724958])";"30";"turtlesim3.turtle3";"1759999551.383433496";"/home/latup/ros2_ws/src/ros_tutorials/turtlesim/src/turtle.cpp:update:288"
"Oh no! I hit the wall! (Clamping from [x=11.120889, y=3.724958])";"30";"turtlesim2.turtle2";"1759999551.374923944";"/home/latup/ros2_ws/src/ros_tutorials/turtlesim/src/turtle.cpp:update:288"
"Oh no! I hit the wall! (Clamping from [x=11.120889, y=3.724958])";"30";"turtlesim1.turtle1";"1759999551.371063167";"/home/latup/ros2_ws/src/ros_tutorials/turtlesim/src/turtle.cpp:update:288"
"Oh no! I hit the wall! (Clamping from [x=11.120889, y=3.724958])";"30";"turtlesim3.turtle3";"1759999551.366792648";"/home/latup/ros2_ws/src/ros_tutorials/turtlesim/src/turtle.cpp:update:288"
"Oh no! I hit the wall! (Clamping from [x=11.120889, y=3.724958])";"30";"turtlesim2.turtle2";"1759999551.358849880";"/home/latup/ros2_ws/src/ros_tutorials/turtlesim/src/turtle.cpp:update:288"
"Oh no! I hit the wall! (Clamping from [x=11.120889, y=3.724958])";"30";"turtlesim1.turtle1";"1759999551.355039259";"/home/latup/ros2_ws/src/ros_tutorials/turtlesim/src/turtle.cpp:update:288"
"Oh no! I hit the wall! (Clamping from [x=11.120889, y=3.724958])";"30";"turtlesim3.turtle3";"1759999551.351112236";"/home/latup/ros2_ws/src/ros_tutorials/turtlesim/src/turtle.cpp:update:288"
"Oh no! I hit the wall! (Clamping from [x=11.120889, y=3.724958])";"30";"turtlesim2.turtle2";"1759999551.343378393";"/home/latup/ros2_ws/src/ros_tutorials/turtlesim/src/turtle.cpp:update:288"
"Oh no! I hit the wall! (Clamping from [x=11.120889, y=3.724958])";"30";"turtlesim1.turtle1";"1759999551.339172076";"/home/latup/ros2_ws/src/ros_tutorials/turtlesim/src/turtle.cpp:update:288"
"Oh no! I hit the wall! (Clamping from [x=11.120889, y=3.724958])";"30";"turtlesim3.turtle3";"1759999551.335095610";"/home/latup/ros2_ws/src/ros_tutorials/turtlesim/src/turtle.cpp:update:288"
"Oh no! I hit the wall! (Clamping from [x=11.120889, y=3.724958])";"30";"turtlesim2.turtle2";"1759999551.327126467";"/home/latup/ros2_ws/src/ros_tutorials/turtlesim/src/turtle.cpp:update:288"
"Oh no! I hit the wall! (Clamping from [x=11.120889, y=3.724958])";"30";"turtlesim1.turtle1";"1759999551.323493565";"/home/latup/ros2_ws/src/ros_tutorials/turtlesim/src/turtle.cpp:update:288"
"Oh no! I hit the wall! (Clamping from [x=11.120889, y=3.724958])";"30";"turtlesim3.turtle3";"1759999551.318468460";"/home/latup/ros2_ws/src/ros_tutorials/turtlesim/src/turtle.cpp:update:288"
"Oh no! I hit the wall! (Clamping from [x=11.120889, y=3.724958])";"30";"turtlesim2.turtle2";"1759999551.310130842";"/home/latup/ros2_ws/src/ros_tutorials/turtlesim/src/turtle.cpp:update:288"
"Oh no! I hit the wall! (Clamping from [x=11.120889, y=3.724958])";"30";"turtlesim1.turtle1";"1759999551.306716041";"/home/latup/ros2_ws/src/ros_tutorials/turtlesim/src/turtle.cpp:update:288"
"Oh no! I hit the wall! (Clamping from [x=11.120889, y=3.724958])";"30";"turtlesim3.turtle3";"1759999551.302821225";"/home/latup/ros2_ws/src/ros_tutorials/turtlesim/src/turtle.cpp:update:288"
"Oh no! I hit the wall! (Clamping from [x=11.120889, y=3.724958])";"30";"turtlesim2.turtle2";"1759999551.294983048";"/home/latup/ros2_ws/src/ros_tutorials/turtlesim/src/turtle.cpp:update:288"
"Oh no! I hit the wall! (Clamping from [x=11.120889, y=3.724958])";"30";"turtlesim1.turtle1";"1759999551.290851665";"/home/latup/ros2_ws/src/ros_tutorials/turtlesim/src/turtle.cpp:update:288"
"Oh no! I hit the wall! (Clamping from [x=11.120889, y=3.724958])";"30";"turtlesim3.turtle3";"1759999551.287003278";"/home/latup/ros2_ws/src/ros_tutorials/turtlesim/src/turtle.cpp:update:288"
"Oh no! I hit the wall! (Clamping from [x=11.120889, y=3.724958])";"30";"turtlesim2.turtle2";"1759999551.278766206";"/home/latup/ros2_ws/src/ros_tutorials/turtlesim/src/turtle.cpp:update:288"
"Oh no! I hit the wall! (Clamping from [x=11.120889, y=3.724958])";"30";"turtlesim1.turtle1";"1759999551.274856539";"/home/latup/ros2_ws/src/ros_tutorials/turtlesim/src/turtle.cpp:update:288"
"Oh no! I hit the wall! (Clamping from [x=11.120889, y=3.724958])";"30";"turtlesim3.turtle3";"1759999551.271246612";"/home/latup/ros2_ws/src/ros_tutorials/turtlesim/src/turtle.cpp:update:288"
"Oh no! I hit the wall! (Clamping from [x=11.120889, y=3.724958])";"30";"turtlesim2.turtle2";"1759999551.262900318";"/home/latup/ros2_ws/src/ros_tutorials/turtlesim/src/turtle.cpp:update:288"
"Oh no! I hit the wall! (Clamping from [x=11.120889, y=3.724958])";"30";"turtlesim1.turtle1";"1759999551.258798457";"/home/latup/ros2_ws/src/ros_tutorials/turtlesim/src/turtle.cpp:update:288"
"Oh no! I hit the wall! (Clamping from [x=11.120889, y=3.724958])";"30";"turtlesim3.turtle3";"1759999551.255580110";"/home/latup/ros2_ws/src/ros_tutorials/turtlesim/src/turtle.cpp:update:288"
"Oh no! I hit the wall! (Clamping from [x=11.120889, y=3.724958])";"30";"turtlesim2.turtle2";"1759999551.247772815";"/home/latup/ros2_ws/src/ros_tutorials/turtlesim/src/turtle.cpp:update:288"
"Oh no! I hit the wall! (Clamping from [x=11.120889, y=3.724958])";"30";"turtlesim1.turtle1";"1759999551.243838147";"/home/latup/ros2_ws/src/ros_tutorials/turtlesim/src/turtle.cpp:update:288"
"Oh no! I hit the wall! (Clamping from [x=11.108271, y=3.724958])";"30";"turtlesim3.turtle3";"1759999551.238603437";"/home/latup/ros2_ws/src/ros_tutorials/turtlesim/src/turtle.cpp:update:288"
"Oh no! I hit the wall! (Clamping from [x=11.120889, y=3.724958])";"30";"turtlesim2.turtle2";"1759999551.230656919";"/home/latup/ros2_ws/src/ros_tutorials/turtlesim/src/turtle.cpp:update:288"
"Oh no! I hit the wall! (Clamping from [x=11.120889, y=3.724958])";"30";"turtlesim1.turtle1";"1759999551.227645762";"/home/latup/ros2_ws/src/ros_tutorials/turtlesim/src/turtle.cpp:update:288"
"Oh no! I hit the wall! (Clamping from [x=11.108271, y=3.724958])";"30";"turtlesim2.turtle2";"1759999551.214232894";"/home/latup/ros2_ws/src/ros_tutorials/turtlesim/src/turtle.cpp:update:288"
"Oh no! I hit the wall! (Clamping from [x=11.120889, y=3.724958])";"30";"turtlesim1.turtle1";"1759999551.211220533";"/home/latup/ros2_ws/src/ros_tutorials/turtlesim/src/turtle.cpp:update:288"
"Oh no! I hit the wall! (Clamping from [x=11.120889, y=3.724958])";"30";"turtlesim1.turtle1";"1759999551.194942585";"/home/latup/ros2_ws/src/ros_tutorials/turtlesim/src/turtle.cpp:update:288"
"Oh no! I hit the wall! (Clamping from [x=11.120889, y=3.724958])";"30";"turtlesim1.turtle1";"1759999551.179101269";"/home/latup/ros2_ws/src/ros_tutorials/turtlesim/src/turtle.cpp:update:288"
"Oh no! I hit the wall! (Clamping from [x=11.120889, y=3.724958])";"30";"turtlesim1.turtle1";"1759999551.162927425";"/home/latup/ros2_ws/src/ros_tutorials/turtlesim/src/turtle.cpp:update:288"
"Oh no! I hit the wall! (Clamping from [x=11.120889, y=3.724958])";"30";"turtlesim1.turtle1";"1759999551.148038193";"/home/latup/ros2_ws/src/ros_tutorials/turtlesim/src/turtle.cpp:update:288"
"Oh no! I hit the wall! (Clamping from [x=11.108271, y=3.724958])";"30";"turtlesim1.turtle1";"1759999551.131615993";"/home/latup/ros2_ws/src/ros_tutorials/turtlesim/src/turtle.cpp:update:288"
"Spawning turtle [turtle1] at x=[5.544445], y=[5.544445], theta=[0.000000]";"20";"turtlesim1.turtle1";"1759998969.440757737";"/home/latup/ros2_ws/src/ros_tutorials/turtlesim/src/turtle_frame.cpp:spawnTurtle:248"
"Starting turtlesim with node name /turtlesim1/turtle1";"20";"turtlesim1.turtle1";"1759998969.417244116";"/home/latup/ros2_ws/src/ros_tutorials/turtlesim/src/turtle_frame.cpp:TurtleFrame:147"
"Spawning turtle [turtle1] at x=[5.544445], y=[5.544445], theta=[0.000000]";"20";"turtlesim3.turtle3";"1759998969.464786779";"/home/latup/ros2_ws/src/ros_tutorials/turtlesim/src/turtle_frame.cpp:spawnTurtle:248"
"Starting turtlesim with node name /turtlesim3/turtle3";"20";"turtlesim3.turtle3";"1759998969.446904198";"/home/latup/ros2_ws/src/ros_tutorials/turtlesim/src/turtle_frame.cpp:TurtleFrame:147"
"Spawning turtle [turtle1] at x=[5.544445], y=[5.544445], theta=[0.000000]";"20";"turtlesim2.turtle2";"1759998969.478211666";"/home/latup/ros2_ws/src/ros_tutorials/turtlesim/src/turtle_frame.cpp:spawnTurtle:248"
"Starting turtlesim with node name /turtlesim2/turtle2";"20";"turtlesim2.turtle2";"1759998969.458021220";"/home/latup/ros2_ws/src/ros_tutorials/turtlesim/src/turtle_frame.cpp:TurtleFrame:147"
